{"cameraMode":{"drawMode":0,"name":"Shaded","section":"Shading Mode"},"sceneLighting":false,"audioPlay":false,"sceneViewState":{"showFog":false,"showMaterialUpdate":false,"showSkybox":false,"showFlares":false,"showImageEffects":false,"showParticleSystems":false},"in2DMode":false,"pivot":{"x":-1.1088671684265137,"y":1.3611372709274293,"z":0.9410592317581177},"rotation":{"x":-0.028050759807229043,"y":0.8360731601715088,"z":-0.04293633624911308,"w":-0.5462155938148499},"size":4.002482891082764,"orthographic":false}