{"cameraMode":{"drawMode":0,"name":"Shaded","section":"Shading Mode"},"sceneLighting":false,"audioPlay":false,"sceneViewState":{"showFog":false,"showMaterialUpdate":false,"showSkybox":false,"showFlares":false,"showImageEffects":false,"showParticleSystems":false},"in2DMode":false,"pivot":{"x":0.5527822971343994,"y":0.6618942618370056,"z":-0.13944792747497559},"rotation":{"x":0.2193274199962616,"y":-0.4683722257614136,"z":0.12124855071306229,"w":0.8472436666488648},"size":1.4289418458938599,"orthographic":false}