{"cameraMode":{"drawMode":0,"name":"Shaded","section":"Shading Mode"},"sceneLighting":false,"audioPlay":false,"sceneViewState":{"showFog":false,"showMaterialUpdate":false,"showSkybox":false,"showFlares":false,"showImageEffects":false,"showParticleSystems":false},"in2DMode":false,"pivot":{"x":0.3790719509124756,"y":-0.017615243792533876,"z":-0.1410628855228424},"rotation":{"x":-0.04294804483652115,"y":-0.15670126676559449,"z":-0.0068207960575819019,"w":0.9866882562637329},"size":0.9570972323417664,"orthographic":true}