{"cameraMode":{"drawMode":0,"name":"Shaded","section":"Shading Mode"},"sceneLighting":true,"audioPlay":false,"sceneViewState":{"showFog":false,"showMaterialUpdate":false,"showSkybox":false,"showFlares":false,"showImageEffects":false,"showParticleSystems":false},"in2DMode":false,"pivot":{"x":6.525422096252441,"y":3.8554506301879885,"z":-5.763271808624268},"rotation":{"x":0.365599662065506,"y":-0.3709784746170044,"z":0.16181781888008119,"w":0.8381687998771668},"size":6.263243198394775,"orthographic":false}